{"cameraMode":{"drawMode":0,"name":"Shaded","section":"Shading Mode"},"sceneLighting":true,"audioPlay":false,"sceneViewState":{"showFog":true,"showMaterialUpdate":true,"showSkybox":true,"showFlares":true,"showImageEffects":true,"showParticleSystems":true},"in2DMode":false,"pivot":{"x":-480.6584167480469,"y":-882.5548095703125,"z":-505.7083740234375},"rotation":{"x":0.11720401793718338,"y":-0.8794066905975342,"z":0.2824835777282715,"w":0.36487409472465517},"size":774.2888793945313,"orthographic":false}