{"cameraMode":{"drawMode":0,"name":"Shaded","section":"Shading Mode"},"sceneLighting":false,"audioPlay":false,"sceneViewState":{"showFog":true,"showMaterialUpdate":false,"showSkybox":false,"showFlares":true,"showImageEffects":true,"showParticleSystems":true},"in2DMode":false,"pivot":{"x":78.33514404296875,"y":214.72833251953126,"z":-2.416015625},"rotation":{"x":-0.17976941168308259,"y":0.1548268049955368,"z":-0.030577026307582856,"w":-0.9712925553321838},"size":879.607421875,"orthographic":false}