{"cameraMode":{"drawMode":0,"name":"Shaded","section":"Shading Mode"},"sceneLighting":false,"audioPlay":false,"sceneViewState":{"showFog":true,"showMaterialUpdate":false,"showSkybox":false,"showFlares":true,"showImageEffects":true,"showParticleSystems":true},"in2DMode":false,"pivot":{"x":460.8339538574219,"y":242.9567413330078,"z":383.4954528808594},"rotation":{"x":-0.03434652462601662,"y":-0.46089327335357668,"z":-0.021126573905348779,"w":0.8875055313110352},"size":400.0,"orthographic":false}