{"cameraMode":{"drawMode":0,"name":"Shaded","section":"Shading Mode"},"sceneLighting":true,"audioPlay":false,"sceneViewState":{"showFog":true,"showMaterialUpdate":false,"showSkybox":true,"showFlares":true,"showImageEffects":true,"showParticleSystems":true},"in2DMode":false,"pivot":{"x":-45.03365707397461,"y":10.726238250732422,"z":2.907071590423584},"rotation":{"x":0.26914870738983157,"y":-0.5233412981033325,"z":0.17644818127155305,"w":0.7903031706809998},"size":11.31950855255127,"orthographic":false}