{"cameraMode":{"drawMode":0,"name":"Shaded","section":"Shading Mode"},"sceneLighting":false,"audioPlay":false,"sceneViewState":{"showFog":true,"showMaterialUpdate":false,"showSkybox":false,"showFlares":true,"showImageEffects":true,"showParticleSystems":true},"in2DMode":false,"pivot":{"x":-40.24877166748047,"y":10.59762191772461,"z":-71.080322265625},"rotation":{"x":0.1112060472369194,"y":-0.7505260109901428,"z":0.12352652102708817,"w":0.6407238841056824},"size":42.429351806640628,"orthographic":false}