{"cameraMode":{"drawMode":0,"name":"Shaded","section":"Shading Mode"},"sceneLighting":false,"audioPlay":false,"sceneViewState":{"showFog":true,"showMaterialUpdate":false,"showSkybox":false,"showFlares":true,"showImageEffects":true,"showParticleSystems":true},"in2DMode":false,"pivot":{"x":406.00970458984377,"y":163.3377685546875,"z":-308.35906982421877},"rotation":{"x":0.11210286617279053,"y":0.8900478482246399,"z":-0.2999177575111389,"w":0.32547053694725039},"size":897.7369995117188,"orthographic":false}