{"cameraMode":{"drawMode":0,"name":"Shaded","section":"Shading Mode"},"sceneLighting":false,"audioPlay":false,"sceneViewState":{"showFog":true,"showMaterialUpdate":false,"showSkybox":false,"showFlares":true,"showImageEffects":true,"showParticleSystems":true},"in2DMode":false,"pivot":{"x":488.21002197265627,"y":120.98690795898438,"z":-111.30126953125},"rotation":{"x":-0.013354966416954995,"y":0.9915313124656677,"z":0.09326907247304917,"w":0.0999697893857956},"size":774.3676147460938,"orthographic":false}