{"cameraMode":{"drawMode":0,"name":"Shaded","section":"Shading Mode"},"sceneLighting":false,"audioPlay":false,"sceneViewState":{"showFog":true,"showMaterialUpdate":false,"showSkybox":false,"showFlares":true,"showImageEffects":true,"showParticleSystems":true},"in2DMode":false,"pivot":{"x":-53.19324493408203,"y":11.431768417358399,"z":12.233287811279297},"rotation":{"x":0.26059889793395998,"y":0.26399505138397219,"z":-0.07643519341945648,"w":0.9263387322425842},"size":28.2886905670166,"orthographic":false}