{"cameraMode":{"drawMode":0,"name":"Shaded","section":"Shading Mode"},"sceneLighting":false,"audioPlay":false,"sceneViewState":{"showFog":true,"showMaterialUpdate":false,"showSkybox":false,"showFlares":true,"showImageEffects":true,"showParticleSystems":true},"in2DMode":false,"pivot":{"x":778.6712646484375,"y":236.36880493164063,"z":-408.883544921875},"rotation":{"x":-0.007699043024331331,"y":0.9959585070610046,"z":-0.08550656586885452,"w":-0.04976443201303482},"size":781.7705688476563,"orthographic":false}