{"cameraMode":{"drawMode":0,"name":"Shaded","section":"Shading Mode"},"sceneLighting":true,"audioPlay":false,"sceneViewState":{"showFog":true,"showMaterialUpdate":false,"showSkybox":true,"showFlares":true,"showImageEffects":true,"showParticleSystems":true},"in2DMode":false,"pivot":{"x":251.18063354492188,"y":124.68254089355469,"z":521.4132080078125},"rotation":{"x":-0.33743399381637576,"y":-0.5646937489509583,"z":0.27772876620292666,"w":-0.7014574408531189},"size":9.492101669311524,"orthographic":false}