{"cameraMode":{"drawMode":0,"name":"Shaded","section":"Shading Mode"},"sceneLighting":false,"audioPlay":false,"sceneViewState":{"showFog":true,"showMaterialUpdate":false,"showSkybox":false,"showFlares":true,"showImageEffects":true,"showParticleSystems":true},"in2DMode":false,"pivot":{"x":-4.9776716232299809,"y":1.3728467226028443,"z":-3.6567883491516115},"rotation":{"x":0.37119531631469729,"y":0.2492593377828598,"z":-0.10507161915302277,"w":0.8884255290031433},"size":6.246734619140625,"orthographic":false}