{"cameraMode":{"drawMode":0,"name":"Shaded","section":"Shading Mode"},"sceneLighting":false,"audioPlay":false,"sceneViewState":{"showFog":true,"showMaterialUpdate":false,"showSkybox":false,"showFlares":true,"showImageEffects":true,"showParticleSystems":true},"in2DMode":false,"pivot":{"x":-1.2894948720932007,"y":0.43549445271492007,"z":0.19395355880260468},"rotation":{"x":-0.003307558363303542,"y":-0.9730305075645447,"z":0.23039604723453523,"w":-0.01400348637253046},"size":1.8870881795883179,"orthographic":false}