{"cameraMode":{"drawMode":0,"name":"Shaded","section":"Shading Mode"},"sceneLighting":false,"audioPlay":false,"sceneViewState":{"showFog":true,"showMaterialUpdate":false,"showSkybox":false,"showFlares":true,"showImageEffects":true,"showParticleSystems":true},"in2DMode":false,"pivot":{"x":-11.517158508300782,"y":8.173797607421875,"z":104.53593444824219},"rotation":{"x":-0.010901236906647683,"y":-0.1428448110818863,"z":0.0023776772432029249,"w":-0.989958643913269},"size":112.36325073242188,"orthographic":false}