{"cameraMode":{"drawMode":0,"name":"Shaded","section":"Shading Mode"},"sceneLighting":false,"audioPlay":false,"sceneViewState":{"showFog":true,"showMaterialUpdate":false,"showSkybox":false,"showFlares":true,"showImageEffects":true,"showParticleSystems":true},"in2DMode":false,"pivot":{"x":-3.111586809158325,"y":1.6766836643218995,"z":-6.11731481552124},"rotation":{"x":-0.004613605327904224,"y":-0.9861973524093628,"z":0.16484731435775758,"w":-0.027303049340844156},"size":2.258312225341797,"orthographic":false}