{"cameraMode":{"drawMode":0,"name":"Shaded","section":"Shading Mode"},"sceneLighting":false,"audioPlay":false,"sceneViewState":{"showFog":true,"showMaterialUpdate":false,"showSkybox":false,"showFlares":true,"showImageEffects":true,"showParticleSystems":true},"in2DMode":false,"pivot":{"x":-5.158770561218262,"y":0.7282763719558716,"z":0.6291709542274475},"rotation":{"x":-0.19681711494922639,"y":0.5255315899848938,"z":-0.12762801349163056,"w":-0.8181011080741882},"size":0.7330126166343689,"orthographic":false}