{"cameraMode":{"drawMode":0,"name":"Shaded","section":"Shading Mode"},"sceneLighting":false,"audioPlay":false,"sceneViewState":{"showFog":true,"showMaterialUpdate":false,"showSkybox":false,"showFlares":true,"showImageEffects":true,"showParticleSystems":true},"in2DMode":false,"pivot":{"x":-21.200809478759767,"y":2.0015056133270265,"z":5.473916530609131},"rotation":{"x":0.005554054863750935,"y":-0.9929684996604919,"z":0.10291749984025955,"w":0.06238967552781105},"size":7.294663906097412,"orthographic":false}