{"cameraMode":{"drawMode":0,"name":"Shaded","section":"Shading Mode"},"sceneLighting":false,"audioPlay":false,"sceneViewState":{"showFog":true,"showMaterialUpdate":false,"showSkybox":false,"showFlares":true,"showImageEffects":true,"showParticleSystems":true},"in2DMode":false,"pivot":{"x":-2.3448009490966799,"y":2.369999885559082,"z":-2.3492465019226076},"rotation":{"x":-0.18474484980106355,"y":0.6529256701469421,"z":0.17010270059108735,"w":0.7149291038513184},"size":1.658312439918518,"orthographic":false}