{"cameraMode":{"drawMode":0,"name":"Shaded","section":"Shading Mode"},"sceneLighting":true,"audioPlay":false,"sceneViewState":{"showFog":true,"showMaterialUpdate":false,"showSkybox":true,"showFlares":true,"showImageEffects":true,"showParticleSystems":true},"in2DMode":false,"pivot":{"x":-9.725456237792969,"y":0.8958339691162109,"z":9.485971450805664},"rotation":{"x":0.1823120415210724,"y":-0.7978038191795349,"z":0.2948448359966278,"w":0.493316650390625},"size":11.899404525756836,"orthographic":false}