{"cameraMode":{"drawMode":0,"name":"Shaded","section":"Shading Mode"},"sceneLighting":false,"audioPlay":false,"sceneViewState":{"showFog":true,"showMaterialUpdate":false,"showSkybox":true,"showFlares":true,"showImageEffects":true,"showParticleSystems":true},"in2DMode":false,"pivot":{"x":1.2441660165786744,"y":1.165664553642273,"z":9.23584270477295},"rotation":{"x":0.1420009583234787,"y":-0.5634132623672485,"z":0.09903641790151596,"w":0.8078427314758301},"size":3.7152926921844484,"orthographic":false}